{
  "feature_names": [
    "gr_avg",
    "genre1_avg",
    "genre2_avg",
    "author_avg",
    "author_count",
    "series_avg",
    "series_count",
    "series_number",
    "pages",
    "release_year",
    "desc_sim_rating",
    "desc_sim_max"
  ],
  "scaler_mean": [
    4.079861111111112,
    3.9467605923488254,
    3.9723224896019027,
    3.9718364197530867,
    1.7638888888888888,
    4.09220679012346,
    0.7638888888888888,
    1.3194444444444444,
    327.56944444444446,
    1945.138888888889,
    3.990882358303123,
    0.9583333333333334
  ],
  "scaler_std": [
    0.23165763205138376,
    0.3981794339574853,
    0.5549014238460043,
    0.8009860426961513,
    1.0205262198650749,
    0.2828179464700331,
    1.2526977062363749,
    4.792431500956274,
    164.99518733628506,
    153.9115281181183,
    0.7463391753407858,
    0.1998263134713634
  ],
  "coefficients": [
    -0.08686285240070969,
    -0.014746898623703122,
    0.08038760451878596,
    0.30519419955029703,
    -0.009871614426437064,
    -0.013404684395573394,
    0.0034748372491597707,
    0.009575283506961968,
    -0.045221673651978295,
    -0.01908355058173794,
    0.3858801194825851,
    0.02167297771534169
  ],
  "intercept": -0.10763888888888809,
  "best_alpha": 11.689518164985776,
  "train_mae": 0.16082036527729737,
  "train_rmse": 0.23626789976200835,
  "cv_mae": 0.20518157643335522,
  "cv_rmse": 0.37338410287492135,
  "residuals": {
    "Dune": 0.577,
    "Dune Messiah": 0.142,
    "Slaughterhouse Five": 0.604,
    "The Hobbit": 0.011,
    "Crime and Punishment": 0.017,
    "The Ten Equations that Rule the World": 0.22,
    "Hear the Wind Sing": 0.057,
    "Frankenstein": 0.174,
    "The da Vinci Code": 0.05,
    "Flowers for Algernon": -0.03,
    "Fellowship of the Ring": -0.04,
    "The Two Towers": -0.1,
    "Return of the King": -0.156,
    "The Most Dangerous Game": 0.068,
    "Dr. Jekyll & Mr. Hyde": -0.816,
    "The Metamorphosis": -0.102,
    "Death on the Nile": 0.195,
    "Pinball 1973": 0.019,
    "Hallowe'en Party": -0.062,
    "Murder on the Orient Express": 0.103,
    "Once Upon a Prime": -0.139,
    "And Then There were None": 0.038,
    "Moneyball": -0.438,
    "Flash Boys": 0.15,
    "Cat's Cradle": -0.088,
    "Breakfast of Champions": -0.705,
    "The Great Gatsby": 0.027,
    "Animal Farm": -0.049,
    "One Flew Over the Cuckoo's Nest": -0.209,
    "Brave New World": 0.184,
    "Hello Beautiful": 0.204,
    "Where the Crawdads Sing": -0.164,
    "American Gods": 0.046,
    "Anansi Boys": 0.014,
    "The Martian": -0.083,
    "The Power Broker: Robert Moses & the Fall of New York": 0.012,
    "Children of Dune": -0.515,
    "The Song of Achilles": -0.128,
    "Circe": -0.095,
    "The Midnight Library": -0.001,
    "Carrie": 0.024,
    "On Earth We're Briefly Gorgeous": -0.086,
    "Mythos": -0.055,
    "I, Robot": -0.163,
    "Project Hail Mary": -0.033,
    "Everything is Tuberculosis": 0.708,
    "Invisible Women": -0.065,
    "Math Without Numbers": 0.142,
    "Humble Pi": -0.121,
    "Their Eyes Were Watching God": 0.252,
    "Ender's Game": -0.18,
    "The Fault in Our Stars": -0.154,
    "A Raisin in the Sun": 0.205,
    "The Crucible": 0.205,
    "Our Mathematical Universe": 0.057,
    "The Odyssey": 0.031,
    "The Adventures of Huckleberry Finn": 0.213,
    "Of Mice and Men": 0.074,
    "The Catcher in the Rye": 0.1,
    "To Kill a Mockingbird": -0.057,
    "The Outsiders": 0.073,
    "The Hitchhiker's Guide to the Galaxy": 0.218,
    "The Restaurant at the End of the Universe": -0.32,
    "The Giver": -0.077,
    "Fahrenheit 451": -0.031,
    "1984": -0.111,
    "Macbeth": 0.192,
    "Romeo and Juliet": -0.157,
    "How to Win Friends and Influence People": 0.016,
    "Roll of Thunder, Hear My Cry": -0.159,
    "Freakonomics": 0.369,
    "SuperFreakonomics": -0.103
  },
  "baseline_mae": 0.5931944444444444,
  "n_books": 72,
  "trained_at": "2026-05-04"
}