{
  "feature_names": [
    "gr_avg",
    "genre1_avg",
    "genre2_avg",
    "author_avg",
    "author_count",
    "series_avg",
    "series_count",
    "series_number",
    "log_pages",
    "release_year",
    "school",
    "desc_sim_avg",
    "desc_sim_score"
  ],
  "scaler_mean": [
    4.116860465116279,
    3.920997038855989,
    3.974017684792458,
    3.9528799351000514,
    2.313953488372093,
    4.080651703623581,
    1.430232558139535,
    1.6046511627906976,
    5.740900448886498,
    1950.093023255814,
    0.19767441860465115,
    3.932254603484807,
    0.7707234741829726
  ],
  "scaler_std": [
    0.25944601816942514,
    0.39859129269878957,
    0.4514172819781009,
    0.7750692587077693,
    1.7203408795999462,
    0.2629612271114014,
    2.093959738814759,
    4.501366897741183,
    0.504355506463507,
    147.43675253421947,
    0.3982452044079933,
    0.6857043843832036,
    0.4170036562855917
  ],
  "coefficients": [
    -0.10022317779667217,
    0.007683469300069259,
    0.026707688887842543,
    0.4116784775591272,
    -0.0002455887383984723,
    -0.0450756619756435,
    0.013137642526064253,
    0.006897879557120755,
    -0.0334492950151815,
    -0.009212932997901716,
    0.021394861314230497,
    0.31290147577375066,
    0.014909791217015356
  ],
  "intercept": -0.16918604651162855,
  "best_alpha": 5.790443980602489,
  "train_mae": 0.2076499641538992,
  "train_rmse": 0.2908289342013258,
  "cv_mae": 0.2411161854254459,
  "cv_rmse": 0.32462677476204393,
  "residuals": {
    "Dune": 0.308,
    "Dune Messiah": 0.202,
    "Slaughterhouse Five": 0.576,
    "The Hobbit": 0.084,
    "Crime and Punishment": 0.0,
    "The Ten Equations that Rule the World": -0.016,
    "Hear the Wind Sing": -0.205,
    "Frankenstein": 0.144,
    "The da Vinci Code": 0.126,
    "Flowers for Algernon": 0.401,
    "Fellowship of the Ring": -0.346,
    "The Two Towers": -0.024,
    "Return of the King": -0.068,
    "The Most Dangerous Game": -0.071,
    "Dr. Jekyll & Mr. Hyde": -0.729,
    "The Metamorphosis": 0.042,
    "Death on the Nile": -0.022,
    "Pinball 1973": 0.214,
    "Hallowe'en Party": -0.004,
    "Murder on the Orient Express": 0.216,
    "Once Upon a Prime": 0.021,
    "And Then There were None": 0.101,
    "Moneyball": -0.391,
    "Flash Boys": 0.245,
    "Cat's Cradle": -0.153,
    "Breakfast of Champions": -0.459,
    "The Great Gatsby": 0.095,
    "Animal Farm": 0.151,
    "One Flew Over the Cuckoo's Nest": -0.061,
    "Brave New World": 0.08,
    "Hello Beautiful": 0.109,
    "Where the Crawdads Sing": -0.127,
    "American Gods": 0.031,
    "Anansi Boys": 0.031,
    "The Martian": -0.19,
    "The Power Broker: Robert Moses & the Fall of New York": -0.12,
    "Children of Dune": -0.514,
    "The Song of Achilles": -0.114,
    "Circe": -0.078,
    "The Midnight Library": 0.006,
    "Carrie": -0.194,
    "On Earth We're Briefly Gorgeous": 0.043,
    "Mythos": -0.086,
    "I, Robot": -0.122,
    "Project Hail Mary": -0.205,
    "Everything is Tuberculosis": 0.613,
    "Invisible Women": -0.138,
    "Math Without Numbers": 0.086,
    "Humble Pi": -0.043,
    "Their Eyes Were Watching God": 0.129,
    "Ender's Game": -0.217,
    "The Fault in Our Stars": -0.247,
    "A Raisin in the Sun": 0.166,
    "The Crucible": 0.187,
    "Our Mathematical Universe": 0.001,
    "The Odyssey": 0.058,
    "The Adventures of Huckleberry Finn": 0.044,
    "Of Mice and Men": 0.054,
    "The Catcher in the Rye": 0.131,
    "To Kill a Mockingbird": -0.107,
    "The Outsiders": -0.033,
    "The Hitchhiker's Guide to the Galaxy": 0.278,
    "The Restaurant at the End of the Universe": -0.315,
    "The Giver": -0.031,
    "Fahrenheit 451": -0.015,
    "1984": -0.268,
    "Macbeth": 0.443,
    "Romeo and Juliet": -0.055,
    "How to Win Friends and Influence People": -0.069,
    "Roll of Thunder, Hear My Cry": 0.001,
    "Freakonomics": 0.45,
    "SuperFreakonomics": -0.165,
    "Julius Caesar": -0.438,
    "The Maze Runner": 1.071,
    "The Scorch Trials": 0.164,
    "The Death Cure": -0.771,
    "The Lightning Thief": 0.299,
    "Sea Of Monsters": -0.18,
    "The Last Olympian": 0.146,
    "Sorcerer's Stone": 0.106,
    "Chamber of Secrets": -0.34,
    "Prizoner of Azkaban": -0.405,
    "Goblet of Fire": -0.381,
    "Order of the Phoenix": 0.672,
    "Half-Blood Prince": 0.603,
    "Deathly Hallows": -0.413
  },
  "baseline_mae": 0.5782558139534884,
  "n_books": 86,
  "trained_at": "2026-05-04"
}