{
  "feature_names": [
    "gr_avg",
    "genre1_avg",
    "genre2_avg",
    "genre3_avg",
    "author_avg",
    "author_count",
    "series_avg",
    "series_count",
    "series_number",
    "log_pages",
    "release_year",
    "school",
    "desc_sim_avg",
    "desc_sim_score"
  ],
  "scaler_mean": [
    4.1159770114942535,
    3.936963623185653,
    3.965161099939865,
    3.959754341860428,
    3.9534284581846975,
    2.2988505747126435,
    4.079468886246525,
    1.4137931034482758,
    1.5862068965517242,
    5.7344090613426735,
    1950.2183908045977,
    0.20689655172413793,
    3.9325631924611453,
    0.7618645836751223
  ],
  "scaler_std": [
    0.2580807134288466,
    0.4023040708700661,
    0.4832824456068456,
    0.4165038372580523,
    0.7706182830623094,
    1.7161500786978428,
    0.26165612455715115,
    2.087465185271973,
    4.478689576763487,
    0.5050490174141363,
    146.59157628080456,
    0.4050806939472664,
    0.6817571281406014,
    0.42266128885449616
  ],
  "coefficients": [
    -0.09893467215714137,
    0.004598329097220897,
    0.043697903451348635,
    0.012704910612783952,
    0.3985839264383188,
    -0.0065998318058443,
    -0.046325719685510955,
    0.012178307592976174,
    0.006725983819197349,
    -0.03317967231948871,
    -0.009376497306213618,
    0.026749238717938384,
    0.31117493715747907,
    0.013626043792369424
  ],
  "intercept": -0.16770114942528933,
  "best_alpha": 5.790443980602489,
  "train_mae": 0.20646988863045923,
  "train_rmse": 0.288724430795437,
  "cv_mae": 0.2633595707724961,
  "cv_rmse": 0.3687855320445595,
  "residuals": {
    "Dune": 0.306,
    "Dune Messiah": 0.202,
    "Slaughterhouse Five": 0.559,
    "The Hobbit": 0.09,
    "Crime and Punishment": 0.01,
    "The Ten Equations that Rule the World": -0.028,
    "Hear the Wind Sing": -0.19,
    "Frankenstein": 0.166,
    "The da Vinci Code": 0.094,
    "Flowers for Algernon": 0.408,
    "Fellowship of the Ring": -0.34,
    "The Two Towers": -0.018,
    "Return of the King": -0.063,
    "The Most Dangerous Game": -0.057,
    "Dr. Jekyll & Mr. Hyde": -0.727,
    "The Metamorphosis": 0.0,
    "Death on the Nile": -0.022,
    "Pinball 1973": 0.233,
    "Hallowe'en Party": -0.002,
    "Murder on the Orient Express": 0.216,
    "Once Upon a Prime": -0.017,
    "And Then There were None": 0.096,
    "Moneyball": -0.365,
    "Flash Boys": 0.271,
    "Cat's Cradle": -0.17,
    "Breakfast of Champions": -0.475,
    "The Great Gatsby": 0.087,
    "Animal Farm": 0.154,
    "One Flew Over the Cuckoo's Nest": -0.047,
    "Brave New World": 0.088,
    "Hello Beautiful": 0.123,
    "Where the Crawdads Sing": -0.144,
    "American Gods": 0.057,
    "Anansi Boys": 0.057,
    "The Martian": -0.166,
    "The Power Broker: Robert Moses & the Fall of New York": -0.104,
    "Children of Dune": -0.518,
    "The Song of Achilles": -0.115,
    "Circe": -0.079,
    "The Midnight Library": 0.001,
    "Carrie": -0.153,
    "On Earth We're Briefly Gorgeous": 0.053,
    "Mythos": -0.094,
    "I, Robot": -0.128,
    "Project Hail Mary": -0.182,
    "Everything is Tuberculosis": 0.579,
    "Invisible Women": -0.155,
    "Math Without Numbers": 0.074,
    "Humble Pi": -0.068,
    "Their Eyes Were Watching God": 0.171,
    "Ender's Game": -0.236,
    "The Fault in Our Stars": -0.244,
    "A Raisin in the Sun": 0.192,
    "The Crucible": 0.157,
    "Our Mathematical Universe": -0.011,
    "The Odyssey": 0.057,
    "The Adventures of Huckleberry Finn": 0.059,
    "Of Mice and Men": 0.065,
    "The Catcher in the Rye": 0.119,
    "To Kill a Mockingbird": -0.095,
    "The Outsiders": -0.025,
    "The Hitchhiker's Guide to the Galaxy": 0.269,
    "The Restaurant at the End of the Universe": -0.324,
    "The Giver": -0.038,
    "Fahrenheit 451": -0.033,
    "1984": -0.295,
    "Macbeth": 0.437,
    "Romeo and Juliet": -0.057,
    "How to Win Friends and Influence People": -0.087,
    "Roll of Thunder, Hear My Cry": 0.012,
    "Freakonomics": 0.452,
    "SuperFreakonomics": -0.162,
    "Julius Caesar": -0.448,
    "The Maze Runner": 1.07,
    "The Scorch Trials": 0.164,
    "The Death Cure": -0.771,
    "The Lightning Thief": 0.294,
    "Sea Of Monsters": -0.184,
    "The Last Olympian": 0.141,
    "Sorcerer's Stone": 0.105,
    "Chamber of Secrets": -0.341,
    "Prizoner of Azkaban": -0.407,
    "Goblet of Fire": -0.382,
    "Order of the Phoenix": 0.671,
    "Half-Blood Prince": 0.601,
    "Deathly Hallows": -0.415,
    "James and the Giant Peach": 0.02
  },
  "baseline_mae": 0.5720689655172413,
  "n_books": 87,
  "trained_at": "2026-05-05"
}